item,task,source,key,alpha,concept,rule,rule_identified,stratum
1,detect,data/s3/s3_qwen_gen.jsonl,introspective_a0.0_river_L38_norm1_t0,0.0,river,0,0,detect|s3_qwen_gen|zero|False
2,steer,data/s3/g_refit_steer_norm1.jsonl,steer_a0.4_elephant_L37_norm1_t0,0.4,elephant,0,0,steer|g_refit_steer_norm1|high|False
3,detect,data/s3/s3_generation.jsonl,introspective_a5.0_freedom_L37_norm0,5.0,freedom,0,0,detect|s3_generation|high|False
4,steer,data/s3/s3_qwen_refit_steer_norm1.jsonl,steer_a200.0_river_L38_norm1_t0,200.0,river,1,1,steer|s3_qwen_refit_steer_norm1|high|True
5,detect,data/s3/s3_qwen_gen.jsonl,introspective_a0.0_engine_L38_norm1_t0,0.0,engine,0,0,detect|s3_qwen_gen|zero|False
6,detect,data/s3/s3_generation.jsonl,introspective_a0_eagle_L37_norm0,0,eagle,0,0,detect|s3_generation|zero|False
7,steer,data/s3/s3_qwen_refit_steer_norm1.jsonl,steer_a50.0_garden_L38_norm1_t0,50.0,garden,1,1,steer|s3_qwen_refit_steer_norm1|low|True
8,detect,data/s3/s3_generation.jsonl,introspective_a2_library_L37_norm0,2,library,1,0,detect|s3_generation|low|True
9,detect,data/s3/s3_qwen_gen.jsonl,introspective_a100.0_telescope_L38_norm1_t0,100.0,telescope,0,0,detect|s3_qwen_gen|high|False
10,steer,data/s3/g_refit_steer_norm1.jsonl,steer_a0.2_clock_L37_norm1_t0,0.2,clock,0,0,steer|g_refit_steer_norm1|high|False
11,steer,data/s3/s3_qwen_steer_norm1.jsonl,steer_a25.0_violin_L38_norm1_t0,25.0,violin,1,1,steer|s3_qwen_steer_norm1|low|True
12,detect,data/s3/s3_generation.jsonl,introspective_a3.0_elephant_L37_norm0,3.0,elephant,0,0,detect|s3_generation|low|False
13,detect,data/s3/s3_qwen_gen.jsonl,introspective_a50.0_desert_L38_norm1_t0,50.0,desert,0,0,detect|s3_qwen_gen|low|False
14,detect,data/s3/s3_generation.jsonl,introspective_a6.0_clock_L37_norm0,6.0,clock,0,0,detect|s3_generation|high|False
15,detect,data/s3/s3_generation.jsonl,introspective_a2_volcano_L37_norm0,2,volcano,1,0,detect|s3_generation|low|True
16,detect,data/s3/s3_qwen_gen.jsonl,introspective_a100.0_umbrella_L38_norm1_t0,100.0,umbrella,0,0,detect|s3_qwen_gen|high|False
17,detect,data/s3/s3_qwen_gen.jsonl,introspective_a0.0_justice_L38_norm1_t0,0.0,justice,0,0,detect|s3_qwen_gen|zero|False
18,steer,data/s3/s3_qwen_steer_norm1.jsonl,steer_a0.0_river_L38_norm1_t0,0.0,river,0,0,steer|s3_qwen_steer_norm1|zero|False
19,steer,data/s3/g_refit_steer_norm1.jsonl,steer_a0.2_telescope_L37_norm1_t0,0.2,telescope,0,0,steer|g_refit_steer_norm1|high|False
20,detect,data/s3/s3_generation.jsonl,introspective_a3.0_bridge_L37_norm0,3.0,bridge,0,0,detect|s3_generation|low|False
21,steer,data/s3/g_refit_steer_norm1.jsonl,steer_a0.02_justice_L37_norm1_t0,0.02,justice,0,0,steer|g_refit_steer_norm1|low|False
22,steer,data/s3/gval_steer_norm1.jsonl,steer_a14497.988_bread_L37_norm1_t0,14497.988,bread,0,0,steer|gval_steer_norm1|high|False
23,steer,data/s3/g_refit_steer_norm1.jsonl,steer_a0.05_mirror_L37_norm1_t0,0.05,mirror,0,0,steer|g_refit_steer_norm1|low|False
24,detect,data/s3/s3_generation.jsonl,introspective_a6.0_dolphin_L37_norm0,6.0,dolphin,0,0,detect|s3_generation|high|False
25,steer,data/s3/gval_steer_norm1.jsonl,steer_a3624.497_umbrella_L37_norm1_t0,3624.497,umbrella,0,0,steer|gval_steer_norm1|low|False
26,steer,data/s3/s3_qwen_steer_norm1.jsonl,steer_a200.0_desert_L38_norm1_t0,200.0,desert,0,0,steer|s3_qwen_steer_norm1|high|False
27,steer,data/s3/s3_qwen_refit_steer_norm1.jsonl,steer_a100.0_bread_L38_norm1_t0,100.0,bread,0,0,steer|s3_qwen_refit_steer_norm1|high|False
28,detect,data/s3/s3_qwen_gen.jsonl,introspective_a100.0_harbor_L38_norm1_t0,100.0,harbor,0,0,detect|s3_qwen_gen|high|False
29,steer,data/s3/g_refit_steer_norm1.jsonl,steer_a0.1_bridge_L37_norm1_t0,0.1,bridge,0,0,steer|g_refit_steer_norm1|low|False
30,steer,data/s3/s3_qwen_steer_norm1.jsonl,steer_a100.0_bridge_L38_norm1_t0,100.0,bridge,0,0,steer|s3_qwen_steer_norm1|high|False
31,steer,data/s3/s3_qwen_refit_steer_norm1.jsonl,steer_a50.0_telescope_L38_norm1_t0,50.0,telescope,0,0,steer|s3_qwen_refit_steer_norm1|low|False
32,detect,data/s3/s3_generation.jsonl,introspective_a5.0_violin_L37_norm0,5.0,violin,1,0,detect|s3_generation|high|True
33,detect,data/s3/s3_generation.jsonl,introspective_a2_bridge_L37_norm0,2,bridge,0,0,detect|s3_generation|low|False
34,detect,data/s3/s3_generation.jsonl,introspective_a5.0_bridge_L37_norm0,5.0,bridge,0,0,detect|s3_generation|high|False
35,detect,data/s3/s3_generation.jsonl,introspective_a2_umbrella_L37_norm0,2,umbrella,0,0,detect|s3_generation|low|False
36,steer,data/s3/g_refit_steer_norm1.jsonl,steer_a0.0_curiosity_L37_norm1_t0,0.0,curiosity,0,0,steer|g_refit_steer_norm1|zero|False
37,steer,data/s3/s3_qwen_steer_norm1.jsonl,steer_a50.0_nostalgia_L38_norm1_t0,50.0,nostalgia,0,0,steer|s3_qwen_steer_norm1|low|False
38,detect,data/s3/s3_generation.jsonl,introspective_a2_violin_L37_norm0,2,violin,1,0,detect|s3_generation|low|True
39,detect,data/s3/s3_qwen_gen.jsonl,introspective_a50.0_dolphin_L38_norm1_t0,50.0,dolphin,0,0,detect|s3_qwen_gen|low|False
40,steer,data/s3/s3_qwen_steer_norm1.jsonl,steer_a0.0_spider_L38_norm1_t0,0.0,spider,0,0,steer|s3_qwen_steer_norm1|zero|False
41,detect,data/s3/s3_generation.jsonl,introspective_a8_freedom_L37_norm0,8,freedom,0,0,detect|s3_generation|high|False
42,steer,data/s3/s3_qwen_refit_steer_norm1.jsonl,steer_a25.0_telescope_L38_norm1_t0,25.0,telescope,0,0,steer|s3_qwen_refit_steer_norm1|low|False
43,steer,data/s3/gval_steer_norm1.jsonl,steer_a0.0_freedom_L37_norm1_t0,0.0,freedom,0,0,steer|gval_steer_norm1|zero|False
44,detect,data/s3/s3_qwen_gen.jsonl,introspective_a0.0_clock_L38_norm1_t0,0.0,clock,0,0,detect|s3_qwen_gen|zero|False
45,steer,data/s3/s3_qwen_steer_norm1.jsonl,steer_a25.0_umbrella_L38_norm1_t0,25.0,umbrella,0,0,steer|s3_qwen_steer_norm1|low|False
46,steer,data/s3/s3_qwen_refit_steer_norm1.jsonl,steer_a0.0_justice_L38_norm1_t0,0.0,justice,0,0,steer|s3_qwen_refit_steer_norm1|zero|False
47,detect,data/s3/s3_qwen_gen.jsonl,introspective_a100.0_grief_L38_norm1_t0,100.0,grief,0,0,detect|s3_qwen_gen|high|False
48,detect,data/s3/s3_generation.jsonl,introspective_a0_justice_L37_norm0,0,justice,0,0,detect|s3_generation|zero|False
49,steer,data/s3/g_refit_steer_norm1.jsonl,steer_a0.02_grief_L37_norm1_t0,0.02,grief,0,0,steer|g_refit_steer_norm1|low|False
50,steer,data/s3/gval_steer_norm1.jsonl,steer_a7248.994_volcano_L37_norm1_t0,7248.994,volcano,0,0,steer|gval_steer_norm1|low|False
51,detect,data/s3/s3_generation.jsonl,introspective_a3.0_nostalgia_L37_norm0,3.0,nostalgia,0,0,detect|s3_generation|low|False
52,detect,data/s3/s3_generation.jsonl,introspective_a4_volcano_L37_norm0,4,volcano,0,0,detect|s3_generation|low|False
53,steer,data/s3/g_refit_steer_norm1.jsonl,steer_a0.0_elephant_L37_norm1_t0,0.0,elephant,0,0,steer|g_refit_steer_norm1|zero|False
54,detect,data/s3/s3_qwen_gen.jsonl,introspective_a100.0_violin_L38_norm1_t0,100.0,violin,0,0,detect|s3_qwen_gen|high|False
55,detect,data/s3/s3_qwen_gen.jsonl,introspective_a50.0_engine_L38_norm1_t0,50.0,engine,0,0,detect|s3_qwen_gen|low|False
56,detect,data/s3/s3_generation.jsonl,introspective_a4_mountain_L37_norm0,4,mountain,0,0,detect|s3_generation|low|False
57,steer,data/s3/gval_steer_norm1.jsonl,steer_a27546.176_betrayal_L37_norm1_t0,27546.176,betrayal,0,0,steer|gval_steer_norm1|high|False
58,steer,data/s3/gval_steer_norm1.jsonl,steer_a27546.176_umbrella_L37_norm1_t0,27546.176,umbrella,1,1,steer|gval_steer_norm1|high|True
59,steer,data/s3/gval_steer_norm1.jsonl,steer_a0.0_curiosity_L37_norm1_t0,0.0,curiosity,0,0,steer|gval_steer_norm1|zero|False
60,detect,data/s3/s3_generation.jsonl,introspective_a0_telescope_L37_norm0,0,telescope,0,0,detect|s3_generation|zero|False
61,detect,data/s3/s3_generation.jsonl,introspective_a6.0_jealousy_L37_norm0,6.0,jealousy,0,0,detect|s3_generation|high|False
62,detect,data/s3/s3_generation.jsonl,introspective_a6.0_volcano_L37_norm0,6.0,volcano,0,0,detect|s3_generation|high|False
63,steer,data/s3/s3_qwen_refit_steer_norm1.jsonl,steer_a0.0_clock_L38_norm1_t0,0.0,clock,0,0,steer|s3_qwen_refit_steer_norm1|zero|False
64,steer,data/s3/g_refit_steer_norm1.jsonl,steer_a0.0_violin_L37_norm1_t0,0.0,violin,0,0,steer|g_refit_steer_norm1|zero|False
65,detect,data/s3/s3_qwen_gen.jsonl,introspective_a0.0_serenity_L38_norm1_t0,0.0,serenity,0,0,detect|s3_qwen_gen|zero|False
66,detect,data/s3/s3_generation.jsonl,introspective_a0_violin_L37_norm0,0,violin,0,0,detect|s3_generation|zero|False
67,detect,data/s3/s3_qwen_gen.jsonl,introspective_a50.0_curiosity_L38_norm1_t0,50.0,curiosity,0,0,detect|s3_qwen_gen|low|False
68,steer,data/s3/s3_qwen_steer_norm1.jsonl,steer_a0.0_library_L38_norm1_t0,0.0,library,0,0,steer|s3_qwen_steer_norm1|zero|False
69,detect,data/s3/s3_qwen_gen.jsonl,introspective_a100.0_jealousy_L38_norm1_t0,100.0,jealousy,0,0,detect|s3_qwen_gen|high|False
70,steer,data/s3/s3_qwen_refit_steer_norm1.jsonl,steer_a200.0_freedom_L38_norm1_t0,200.0,freedom,1,1,steer|s3_qwen_refit_steer_norm1|high|True
71,detect,data/s3/s3_generation.jsonl,introspective_a5.0_fear_L37_norm0,5.0,fear,0,1,detect|s3_generation|high|False
72,steer,data/s3/s3_qwen_refit_steer_norm1.jsonl,steer_a200.0_jealousy_L38_norm1_t0,200.0,jealousy,0,0,steer|s3_qwen_refit_steer_norm1|high|False
73,detect,data/s3/s3_generation.jsonl,introspective_a2_desert_L37_norm0,2,desert,0,0,detect|s3_generation|low|False
74,steer,data/s3/s3_qwen_refit_steer_norm1.jsonl,steer_a50.0_joy_L38_norm1_t0,50.0,joy,0,0,steer|s3_qwen_refit_steer_norm1|low|False
75,steer,data/s3/s3_qwen_refit_steer_norm1.jsonl,steer_a25.0_freedom_L38_norm1_t0,25.0,freedom,0,0,steer|s3_qwen_refit_steer_norm1|low|False
76,steer,data/s3/g_refit_steer_norm1.jsonl,steer_a0.4_grief_L37_norm1_t0,0.4,grief,0,0,steer|g_refit_steer_norm1|high|False
77,steer,data/s3/g_refit_steer_norm1.jsonl,steer_a0.0_freedom_L37_norm1_t0,0.0,freedom,0,0,steer|g_refit_steer_norm1|zero|False
78,detect,data/s3/s3_generation.jsonl,introspective_a5.0_umbrella_L37_norm0,5.0,umbrella,1,0,detect|s3_generation|high|True
79,steer,data/s3/gval_steer_norm1.jsonl,steer_a0.0_telescope_L37_norm1_t0,0.0,telescope,0,0,steer|gval_steer_norm1|zero|False
80,steer,data/s3/g_refit_steer_norm1.jsonl,steer_a0.02_serenity_L37_norm1_t0,0.02,serenity,0,0,steer|g_refit_steer_norm1|low|False
81,detect,data/s3/s3_qwen_gen.jsonl,introspective_a100.0_garden_L38_norm1_t0,100.0,garden,0,0,detect|s3_qwen_gen|high|False
82,steer,data/s3/gval_steer_norm1.jsonl,steer_a3624.497_serenity_L37_norm1_t0,3624.497,serenity,0,0,steer|gval_steer_norm1|low|False
83,detect,data/s3/s3_generation.jsonl,introspective_a0_elephant_L37_norm0,0,elephant,0,0,detect|s3_generation|zero|False
84,steer,data/s3/s3_qwen_steer_norm1.jsonl,steer_a100.0_spider_L38_norm1_t0,100.0,spider,0,0,steer|s3_qwen_steer_norm1|high|False
85,detect,data/s3/s3_generation.jsonl,introspective_a6.0_candle_L37_norm0,6.0,candle,0,0,detect|s3_generation|high|False
86,detect,data/s3/s3_generation.jsonl,introspective_a4_garden_L37_norm0,4,garden,1,0,detect|s3_generation|low|True
87,steer,data/s3/s3_qwen_steer_norm1.jsonl,steer_a200.0_engine_L38_norm1_t0,200.0,engine,0,0,steer|s3_qwen_steer_norm1|high|False
88,detect,data/s3/s3_qwen_gen.jsonl,introspective_a100.0_dolphin_L38_norm1_t0,100.0,dolphin,0,0,detect|s3_qwen_gen|high|False
89,detect,data/s3/s3_generation.jsonl,introspective_a0_grief_L37_norm0,0,grief,0,0,detect|s3_generation|zero|False
90,detect,data/s3/s3_generation.jsonl,introspective_a8_elephant_L37_norm0,8,elephant,0,0,detect|s3_generation|high|False
91,detect,data/s3/s3_qwen_gen.jsonl,introspective_a50.0_violin_L38_norm1_t0,50.0,violin,0,0,detect|s3_qwen_gen|low|False
92,detect,data/s3/s3_qwen_gen.jsonl,introspective_a100.0_bread_L38_norm1_t0,100.0,bread,0,0,detect|s3_qwen_gen|high|False
93,detect,data/s3/s3_generation.jsonl,introspective_a0_fear_L37_norm0,0,fear,0,0,detect|s3_generation|zero|False
94,detect,data/s3/s3_qwen_gen.jsonl,introspective_a100.0_spider_L38_norm1_t0,100.0,spider,0,0,detect|s3_qwen_gen|high|False
95,detect,data/s3/s3_qwen_gen.jsonl,introspective_a0.0_curiosity_L38_norm1_t0,0.0,curiosity,0,0,detect|s3_qwen_gen|zero|False
96,steer,data/s3/s3_qwen_steer_norm1.jsonl,steer_a25.0_nostalgia_L38_norm1_t0,25.0,nostalgia,0,0,steer|s3_qwen_steer_norm1|low|False
97,detect,data/s3/s3_qwen_gen.jsonl,introspective_a0.0_library_L38_norm1_t0,0.0,library,0,0,detect|s3_qwen_gen|zero|False
98,detect,data/s3/s3_generation.jsonl,introspective_a0_candle_L37_norm0,0,candle,0,0,detect|s3_generation|zero|False
99,detect,data/s3/s3_generation.jsonl,introspective_a4_river_L37_norm0,4,river,1,0,detect|s3_generation|low|True
100,detect,data/s3/s3_generation.jsonl,introspective_a3.0_clock_L37_norm0,3.0,clock,0,0,detect|s3_generation|low|False
101,steer,data/s3/s3_qwen_steer_norm1.jsonl,steer_a100.0_clock_L38_norm1_t0,100.0,clock,1,1,steer|s3_qwen_steer_norm1|high|True
102,detect,data/s3/s3_generation.jsonl,introspective_a8_spider_L37_norm0,8,spider,0,0,detect|s3_generation|high|False
103,steer,data/s3/s3_qwen_refit_steer_norm1.jsonl,steer_a200.0_mountain_L38_norm1_t0,200.0,mountain,1,1,steer|s3_qwen_refit_steer_norm1|high|True
104,steer,data/s3/gval_steer_norm1.jsonl,steer_a0.0_fear_L37_norm1_t0,0.0,fear,0,0,steer|gval_steer_norm1|zero|False
105,detect,data/s3/s3_generation.jsonl,introspective_a0_clock_L37_norm0,0,clock,0,0,detect|s3_generation|zero|False
106,steer,data/s3/s3_qwen_steer_norm1.jsonl,steer_a100.0_garden_L38_norm1_t0,100.0,garden,1,1,steer|s3_qwen_steer_norm1|high|True
107,steer,data/s3/s3_qwen_refit_steer_norm1.jsonl,steer_a25.0_river_L38_norm1_t0,25.0,river,1,1,steer|s3_qwen_refit_steer_norm1|low|True
108,steer,data/s3/gval_steer_norm1.jsonl,steer_a27546.176_telescope_L37_norm1_t0,27546.176,telescope,1,1,steer|gval_steer_norm1|high|True
109,detect,data/s3/s3_qwen_gen.jsonl,introspective_a100.0_candle_L38_norm1_t0,100.0,candle,0,0,detect|s3_qwen_gen|high|False
110,detect,data/s3/s3_generation.jsonl,introspective_a3.0_eagle_L37_norm0,3.0,eagle,1,0,detect|s3_generation|low|True
111,detect,data/s3/s3_generation.jsonl,introspective_a0_nostalgia_L37_norm0,0,nostalgia,0,0,detect|s3_generation|zero|False
112,steer,data/s3/g_refit_steer_norm1.jsonl,steer_a0.0_grief_L37_norm1_t0,0.0,grief,0,0,steer|g_refit_steer_norm1|zero|False
113,detect,data/s3/s3_generation.jsonl,introspective_a6.0_umbrella_L37_norm0,6.0,umbrella,1,0,detect|s3_generation|high|True
114,detect,data/s3/s3_generation.jsonl,introspective_a4_violin_L37_norm0,4,violin,1,0,detect|s3_generation|low|True
115,detect,data/s3/s3_qwen_gen.jsonl,introspective_a50.0_harbor_L38_norm1_t0,50.0,harbor,0,0,detect|s3_qwen_gen|low|False
116,detect,data/s3/s3_qwen_gen.jsonl,introspective_a0.0_telescope_L38_norm1_t0,0.0,telescope,0,0,detect|s3_qwen_gen|zero|False
117,detect,data/s3/s3_generation.jsonl,introspective_a0_joy_L37_norm0,0,joy,0,0,detect|s3_generation|zero|False
118,steer,data/s3/s3_qwen_refit_steer_norm1.jsonl,steer_a200.0_spider_L38_norm1_t0,200.0,spider,1,1,steer|s3_qwen_refit_steer_norm1|high|True
119,detect,data/s3/s3_qwen_gen.jsonl,introspective_a0.0_fear_L38_norm1_t0,0.0,fear,0,0,detect|s3_qwen_gen|zero|False
120,detect,data/s3/s3_generation.jsonl,introspective_a0_library_L37_norm0,0,library,0,0,detect|s3_generation|zero|False
121,detect,data/s3/s3_generation.jsonl,introspective_a4_telescope_L37_norm0,4,telescope,0,0,detect|s3_generation|low|False
122,detect,data/s3/s3_generation.jsonl,introspective_a3.0_engine_L37_norm0,3.0,engine,0,0,detect|s3_generation|low|False
123,detect,data/s3/s3_generation.jsonl,introspective_a2_nostalgia_L37_norm0,2,nostalgia,1,0,detect|s3_generation|low|True
124,steer,data/s3/s3_qwen_steer_norm1.jsonl,steer_a50.0_library_L38_norm1_t0,50.0,library,0,0,steer|s3_qwen_steer_norm1|low|False
125,steer,data/s3/s3_qwen_refit_steer_norm1.jsonl,steer_a50.0_river_L38_norm1_t0,50.0,river,1,1,steer|s3_qwen_refit_steer_norm1|low|True
126,detect,data/s3/s3_qwen_gen.jsonl,introspective_a0.0_joy_L38_norm1_t0,0.0,joy,0,0,detect|s3_qwen_gen|zero|False
127,detect,data/s3/s3_generation.jsonl,introspective_a3.0_justice_L37_norm0,3.0,justice,0,0,detect|s3_generation|low|False
128,steer,data/s3/s3_qwen_steer_norm1.jsonl,steer_a200.0_violin_L38_norm1_t0,200.0,violin,1,1,steer|s3_qwen_steer_norm1|high|True
129,detect,data/s3/s3_qwen_gen.jsonl,introspective_a50.0_spider_L38_norm1_t0,50.0,spider,0,0,detect|s3_qwen_gen|low|False
130,detect,data/s3/s3_generation.jsonl,introspective_a5.0_volcano_L37_norm0,5.0,volcano,0,0,detect|s3_generation|high|False
131,detect,data/s3/s3_generation.jsonl,introspective_a0_engine_L37_norm0,0,engine,0,0,detect|s3_generation|zero|False
132,detect,data/s3/s3_generation.jsonl,introspective_a3.0_spider_L37_norm0,3.0,spider,0,0,detect|s3_generation|low|False
133,detect,data/s3/s3_qwen_gen.jsonl,introspective_a100.0_elephant_L38_norm1_t0,100.0,elephant,0,0,detect|s3_qwen_gen|high|False
134,detect,data/s3/s3_generation.jsonl,introspective_a0_bread_L37_norm0,0,bread,0,0,detect|s3_generation|zero|False
135,detect,data/s3/s3_qwen_gen.jsonl,introspective_a0.0_umbrella_L38_norm1_t0,0.0,umbrella,0,0,detect|s3_qwen_gen|zero|False
136,detect,data/s3/s3_qwen_gen.jsonl,introspective_a100.0_nostalgia_L38_norm1_t0,100.0,nostalgia,0,0,detect|s3_qwen_gen|high|False
137,detect,data/s3/s3_generation.jsonl,introspective_a6.0_curiosity_L37_norm0,6.0,curiosity,0,0,detect|s3_generation|high|False
138,steer,data/s3/gval_steer_norm1.jsonl,steer_a27546.176_volcano_L37_norm1_t0,27546.176,volcano,1,1,steer|gval_steer_norm1|high|True
139,steer,data/s3/gval_steer_norm1.jsonl,steer_a14497.988_elephant_L37_norm1_t0,14497.988,elephant,0,0,steer|gval_steer_norm1|high|False
140,detect,data/s3/s3_qwen_gen.jsonl,introspective_a0.0_nostalgia_L38_norm1_t0,0.0,nostalgia,0,0,detect|s3_qwen_gen|zero|False
141,steer,data/s3/g_refit_steer_norm1.jsonl,steer_a0.2_freedom_L37_norm1_t0,0.2,freedom,0,0,steer|g_refit_steer_norm1|high|False
142,detect,data/s3/s3_generation.jsonl,introspective_a2_bread_L37_norm0,2,bread,1,0,detect|s3_generation|low|True
143,steer,data/s3/s3_qwen_refit_steer_norm1.jsonl,steer_a0.0_violin_L38_norm1_t0,0.0,violin,1,1,steer|s3_qwen_refit_steer_norm1|zero|True
144,detect,data/s3/s3_generation.jsonl,introspective_a2_curiosity_L37_norm0,2,curiosity,1,0,detect|s3_generation|low|True
145,detect,data/s3/s3_qwen_gen.jsonl,introspective_a50.0_bread_L38_norm1_t0,50.0,bread,0,0,detect|s3_qwen_gen|low|False
146,detect,data/s3/s3_qwen_gen.jsonl,introspective_a0.0_mirror_L38_norm1_t0,0.0,mirror,0,0,detect|s3_qwen_gen|zero|False
147,detect,data/s3/s3_generation.jsonl,introspective_a3.0_volcano_L37_norm0,3.0,volcano,1,0,detect|s3_generation|low|True
148,steer,data/s3/s3_qwen_refit_steer_norm1.jsonl,steer_a100.0_fear_L38_norm1_t0,100.0,fear,0,0,steer|s3_qwen_refit_steer_norm1|high|False
149,steer,data/s3/s3_qwen_refit_steer_norm1.jsonl,steer_a25.0_engine_L38_norm1_t0,25.0,engine,0,0,steer|s3_qwen_refit_steer_norm1|low|False
150,steer,data/s3/s3_qwen_steer_norm1.jsonl,steer_a0.0_violin_L38_norm1_t0,0.0,violin,1,1,steer|s3_qwen_steer_norm1|zero|True
151,detect,data/s3/s3_generation.jsonl,introspective_a2_grief_L37_norm0,2,grief,0,0,detect|s3_generation|low|False
152,detect,data/s3/s3_qwen_gen.jsonl,introspective_a100.0_mountain_L38_norm1_t0,100.0,mountain,0,0,detect|s3_qwen_gen|high|False
153,detect,data/s3/s3_generation.jsonl,introspective_a6.0_bridge_L37_norm0,6.0,bridge,1,0,detect|s3_generation|high|True
154,detect,data/s3/s3_qwen_gen.jsonl,introspective_a100.0_desert_L38_norm1_t0,100.0,desert,0,0,detect|s3_qwen_gen|high|False
155,detect,data/s3/s3_qwen_gen.jsonl,introspective_a50.0_mountain_L38_norm1_t0,50.0,mountain,0,0,detect|s3_qwen_gen|low|False
156,detect,data/s3/s3_qwen_gen.jsonl,introspective_a0.0_violin_L38_norm1_t0,0.0,violin,0,0,detect|s3_qwen_gen|zero|False
157,steer,data/s3/s3_qwen_refit_steer_norm1.jsonl,steer_a0.0_serenity_L38_norm1_t0,0.0,serenity,0,0,steer|s3_qwen_refit_steer_norm1|zero|False
158,detect,data/s3/s3_generation.jsonl,introspective_a0_bridge_L37_norm0,0,bridge,0,0,detect|s3_generation|zero|False
159,steer,data/s3/s3_qwen_steer_norm1.jsonl,steer_a25.0_garden_L38_norm1_t0,25.0,garden,0,0,steer|s3_qwen_steer_norm1|low|False
160,detect,data/s3/s3_qwen_gen.jsonl,introspective_a50.0_eagle_L38_norm1_t0,50.0,eagle,0,0,detect|s3_qwen_gen|low|False
161,steer,data/s3/gval_steer_norm1.jsonl,steer_a0.0_justice_L37_norm1_t0,0.0,justice,0,0,steer|gval_steer_norm1|zero|False
162,steer,data/s3/s3_qwen_refit_steer_norm1.jsonl,steer_a0.0_bridge_L38_norm1_t0,0.0,bridge,0,0,steer|s3_qwen_refit_steer_norm1|zero|False
163,detect,data/s3/s3_generation.jsonl,introspective_a2_fear_L37_norm0,2,fear,1,0,detect|s3_generation|low|True
164,detect,data/s3/s3_generation.jsonl,introspective_a2_candle_L37_norm0,2,candle,0,0,detect|s3_generation|low|False
165,steer,data/s3/s3_qwen_refit_steer_norm1.jsonl,steer_a100.0_grief_L38_norm1_t0,100.0,grief,0,0,steer|s3_qwen_refit_steer_norm1|high|False
166,steer,data/s3/s3_qwen_refit_steer_norm1.jsonl,steer_a200.0_serenity_L38_norm1_t0,200.0,serenity,0,0,steer|s3_qwen_refit_steer_norm1|high|False
167,steer,data/s3/g_refit_steer_norm1.jsonl,steer_a0.4_desert_L37_norm1_t0,0.4,desert,0,0,steer|g_refit_steer_norm1|high|False
168,steer,data/s3/gval_steer_norm1.jsonl,steer_a14497.988_mirror_L37_norm1_t0,14497.988,mirror,0,0,steer|gval_steer_norm1|high|False
169,detect,data/s3/s3_generation.jsonl,introspective_a0_serenity_L37_norm0,0,serenity,0,0,detect|s3_generation|zero|False
170,detect,data/s3/s3_qwen_gen.jsonl,introspective_a100.0_mirror_L38_norm1_t0,100.0,mirror,0,0,detect|s3_qwen_gen|high|False
171,detect,data/s3/s3_generation.jsonl,introspective_a2_eagle_L37_norm0,2,eagle,1,0,detect|s3_generation|low|True
172,detect,data/s3/s3_qwen_gen.jsonl,introspective_a50.0_fear_L38_norm1_t0,50.0,fear,0,0,detect|s3_qwen_gen|low|False
173,detect,data/s3/s3_generation.jsonl,introspective_a3.0_mirror_L37_norm0,3.0,mirror,0,0,detect|s3_generation|low|False
174,detect,data/s3/s3_qwen_gen.jsonl,introspective_a50.0_bridge_L38_norm1_t0,50.0,bridge,0,0,detect|s3_qwen_gen|low|False
175,detect,data/s3/s3_generation.jsonl,introspective_a3.0_violin_L37_norm0,3.0,violin,1,0,detect|s3_generation|low|True
176,steer,data/s3/gval_steer_norm1.jsonl,steer_a14497.988_jealousy_L37_norm1_t0,14497.988,jealousy,0,0,steer|gval_steer_norm1|high|False
177,steer,data/s3/s3_qwen_steer_norm1.jsonl,steer_a0.0_mirror_L38_norm1_t0,0.0,mirror,0,0,steer|s3_qwen_steer_norm1|zero|False
178,detect,data/s3/s3_generation.jsonl,introspective_a5.0_candle_L37_norm0,5.0,candle,1,0,detect|s3_generation|high|True
179,detect,data/s3/s3_generation.jsonl,introspective_a5.0_desert_L37_norm0,5.0,desert,0,0,detect|s3_generation|high|False
180,detect,data/s3/s3_generation.jsonl,introspective_a5.0_joy_L37_norm0,5.0,joy,0,0,detect|s3_generation|high|False
181,detect,data/s3/s3_generation.jsonl,introspective_a4_umbrella_L37_norm0,4,umbrella,1,0,detect|s3_generation|low|True
182,steer,data/s3/s3_qwen_steer_norm1.jsonl,steer_a100.0_joy_L38_norm1_t0,100.0,joy,0,0,steer|s3_qwen_steer_norm1|high|False
183,steer,data/s3/s3_qwen_refit_steer_norm1.jsonl,steer_a0.0_fear_L38_norm1_t0,0.0,fear,0,0,steer|s3_qwen_refit_steer_norm1|zero|False
184,detect,data/s3/s3_generation.jsonl,introspective_a8_garden_L37_norm0,8,garden,0,1,detect|s3_generation|high|False
185,detect,data/s3/s3_generation.jsonl,introspective_a3.0_library_L37_norm0,3.0,library,1,0,detect|s3_generation|low|True
186,steer,data/s3/gval_steer_norm1.jsonl,steer_a27546.176_harbor_L37_norm1_t0,27546.176,harbor,1,1,steer|gval_steer_norm1|high|True
187,detect,data/s3/s3_qwen_gen.jsonl,introspective_a50.0_justice_L38_norm1_t0,50.0,justice,0,0,detect|s3_qwen_gen|low|False
188,steer,data/s3/s3_qwen_refit_steer_norm1.jsonl,steer_a200.0_library_L38_norm1_t0,200.0,library,1,1,steer|s3_qwen_refit_steer_norm1|high|True
189,detect,data/s3/s3_qwen_gen.jsonl,introspective_a50.0_library_L38_norm1_t0,50.0,library,0,0,detect|s3_qwen_gen|low|False
190,detect,data/s3/s3_qwen_gen.jsonl,introspective_a50.0_elephant_L38_norm1_t0,50.0,elephant,0,0,detect|s3_qwen_gen|low|False
191,steer,data/s3/gval_steer_norm1.jsonl,steer_a14497.988_harbor_L37_norm1_t0,14497.988,harbor,1,1,steer|gval_steer_norm1|high|True
192,steer,data/s3/gval_steer_norm1.jsonl,steer_a7248.994_eagle_L37_norm1_t0,7248.994,eagle,0,0,steer|gval_steer_norm1|low|False
193,detect,data/s3/s3_generation.jsonl,introspective_a2_garden_L37_norm0,2,garden,1,0,detect|s3_generation|low|True
194,detect,data/s3/s3_qwen_gen.jsonl,introspective_a50.0_serenity_L38_norm1_t0,50.0,serenity,0,0,detect|s3_qwen_gen|low|False
195,detect,data/s3/s3_generation.jsonl,introspective_a4_joy_L37_norm0,4,joy,0,0,detect|s3_generation|low|False
196,steer,data/s3/gval_steer_norm1.jsonl,steer_a3624.497_spider_L37_norm1_t0,3624.497,spider,0,0,steer|gval_steer_norm1|low|False
197,detect,data/s3/s3_qwen_gen.jsonl,introspective_a0.0_spider_L38_norm1_t0,0.0,spider,0,0,detect|s3_qwen_gen|zero|False
198,detect,data/s3/s3_qwen_gen.jsonl,introspective_a0.0_candle_L38_norm1_t0,0.0,candle,0,0,detect|s3_qwen_gen|zero|False
199,detect,data/s3/s3_generation.jsonl,introspective_a6.0_spider_L37_norm0,6.0,spider,0,0,detect|s3_generation|high|False
200,steer,data/s3/s3_qwen_steer_norm1.jsonl,steer_a0.0_harbor_L38_norm1_t0,0.0,harbor,0,0,steer|s3_qwen_steer_norm1|zero|False
